{
    "SAI": {
        "team_color": "F91536",
        "total_laps_in_race": 51,
        "laps_preview": [
            {
                "lap_number": 1,
                "x_sample": [
                    -1132.9919274760914,
                    -1132.990727811115,
                    -1133.0,
                    -1133.0078222968432,
                    -1133.0
                ],
                "y_sample": [
                    2106.0522530704047,
                    2106.060021650927,
                    2106.0,
                    2105.94936393376,
                    2106.0
                ],
                "speed_sample": [
                    0.0,
                    0.0,
                    0.0,
                    0.0,
                    3.3749952
                ],
                "data_points_total": 635
            },
            {
                "lap_number": 2,
                "x_sample": [
                    -1385.427651203498,
                    -1383.9623807572768,
                    -1376.0,
                    -1372.611813185336,
                    -1364.0
                ],
                "y_sample": [
                    -811.7252762157077,
                    -793.1012135074725,
                    -696.0,
                    -656.5360976239109,
                    -558.0
                ],
                "speed_sample": [
                    308.88999936,
                    309.0,
                    309.7124992,
                    310.0,
                    310.56999936
                ],
                "data_points_total": 645
            }
        ]
    },
    "VER": {
        "team_color": "3671C6",
        "total_laps_in_race": 51,
        "laps_preview": [
            {
                "lap_number": 1,
                "x_sample": [
                    -1140.991927477603,
                    -1140.9907278128503,
                    -1141.0,
                    -1141.0078222953794,
                    -1141.0
                ],
                "y_sample": [
                    2008.347795971894,
                    2008.4133493637228,
                    2009.0,
                    2009.0010837270077,
                    2009.0
                ],
                "speed_sample": [
                    0.0,
                    0.0,
                    0.0,
                    0.0,
                    1.6874976
                ],
                "data_points_total": 644
            },
            {
                "lap_number": 2,
                "x_sample": [
                    -1377.508745274272,
                    -1357.0,
                    -1345.9858251709506,
                    -1338.0,
                    -1333.6328509969894
                ],
                "y_sample": [
                    -720.7645070677551,
                    -481.0,
                    -349.1690469154925,
                    -257.0,
                    -208.59766237464598
                ],
                "speed_sample": [
                    308.05999872,
                    309.93999872,
                    312.0,
                    313.44999893333335,
                    314.0
                ],
                "data_points_total": 643
            }
        ]
    },
    "LEC": {
        "team_color": "F91536",
        "total_laps_in_race": 51,
        "laps_preview": [
            {
                "lap_number": 1,
                "x_sample": [
                    -1144.000976883081,
                    -1144.0011213253254,
                    -1144.0,
                    -1143.9990540162999,
                    -1144.0
                ],
                "y_sample": [
                    1973.0370023913651,
                    1973.0425040392795,
                    1973.0,
                    1972.9641423167282,
                    1973.0
                ],
                "speed_sample": [
                    0.0,
                    0.0,
                    0.0,
                    0.0,
                    2.5312463999999997
                ],
                "data_points_total": 650
            },
            {
                "lap_number": 2,
                "x_sample": [
                    -1382.4899363873087,
                    -1361.0,
                    -1359.0713589135348,
                    -1346.9661374658908,
                    -1335.0
                ],
                "y_sample": [
                    -780.6948536645401,
                    -525.0,
                    -502.4275375721872,
                    -363.75351521322375,
                    -231.0
                ],
                "speed_sample": [
                    311.0,
                    311.0,
                    311.0,
                    312.0,
                    313.45499904
                ],
                "data_points_total": 643
            }
        ]
    }
}